DIVISION_LOC_CD,DIVISION_LOC_DESC,LOC_CD,CONS_NO,BILL_MON,BATCH_NO,GR_NO,RD_NO,IVRSID,CONNID,CONS_LOC_DESC,CONS_NO_STUFF,BILLMONHINDI,BILL_ISSUE_DATE,CONS_NAME_H,FATH_HUS_NAME_H,CONS_ADDH1,CONS_ADDH2,PIN_CODE,TELEPHONE,MOB_NO,EXIST_POLE_NO,MTR_NO,PHASE,RDG_DT,LOAD,LOADUNIT,RDG_TYP,AGRMT_CON_DEM,CLOADUNIT,MD_KW,CURR_RDG,PREV_RDG,MF,AVG_PF,CONSMP,ASS_CONSMP,TOTCONSMP,DCLOC,DCADD1,DCADD2,DCADD3,DCPINCD,DCPHONE,TOT_SD_HELD,BILL_TYPE,SD_DUE,DAILY_AVG_BILL,DAILY_AVG_CONSMP,OLDCONSNO,TRF_CATG,BILLED_UNIT,CURR_DEMAND,BILL_NET,FIRST_CHQ_DT_H,FIRST_CASH_DT_H,ENERGY_CHRG,FIXED_CHARGE,DUTY,CESS,MTR_RENT,ADJ_AMT,SD_BILLED,WELD_CAP_CHRG,PENAL_CHRGS,TOD_SUR,OTHER_CHRG,LAST_MONTH_AV,INST_AMT,LOAD_FACTOR,PWR_SVG_DEV_RBTE,LOCK_CR_AMT,SUBSIDY,CURR_BILL,PREV_BAL,SURCHRGE_DUE,TOTAL_REC_AMT_AFTER_DUE_DT,MTR_READ_TAKEN_BY,TRFLINE,MSGLINE_H,BILL_PRD,CONS_STA_CD,BILL_CORR_FLG,BILL_COPY,RDG_TYP_CD,BILL_TYP_CD,CHQ_DSHNRD_FLG,REV_CATG_CD,LOAD_UNIT_CD,SPOT_BILL_FLG,INSTL_AMT_BLD,INST_BAL_ARRS,TRF_CATG_OLD,CORR_CITY,CONN_TYP_CD,MTR_READER,BILL_MON1,RDG_DT1,CURR_RDG1,CONSMP1,BILL_MON2,RDG_DT2,CURR_RDG2,CONSMP2,BILL_MON3,RDG_DT3,CURR_RDG3,CONSMP3,BILL_MON4,RDG_DT4,CURR_RDG4,CONSMP4,BILL_MON5,RDG_DT5,CURR_RDG5,CONSMP5,BILL_MON6,RDG_DT6,CURR_RDG6,CONSMP6,PYMT_DT1,CAC_NO1,AMT_PAID1,PYMT_MODE1,WINDOW_NO1,PUNCH_DT1,PYMT_DT2,CAC_NO2,AMT_PAID2,PYMT_MODE2,WINDOW_NO2,PUNCH_DT2,PYMT_DT3,CAC_NO3,AMT_PAID3,PYMT_MODE3,WINDOW_NO3,PUNCH_DT3,NAME_JE,PH_JE1,PH_JE2,NAME_AE,PH_AE1,PH_AE2,BILL_NO,FCA,EMP_FREE_FCA,FCA_RATE,CONS_NAME_HINDI,FATH_HUS_NAME_HINDI,CONS_ADD1_HINDI,CONS_ADD2_HINDI,QR_CODE,ADV_PAY_INCENT,ONLINE_REBATE,PROMPT_PAY_INCENT
1444200,E E CITY DN EAST JBP,144420207,2476119013,Feb-20,,BA1,22,2476119013,144420207-1 -22-2476119013 BAHORABAG,NON DOMESTIC,,,01/03/2020,SHEKH YASIN,,H.N 566 ASFAK ULLAHA WARD KHA,CHANDNICHOWK,482001,,9584584054,D/7,2668336,SINGLE          ,29/02/2020,160, W,NORMAL,0,,0,550,490,1,0,60,0,60,City Division East,CCC:07612560231,CCC:0761-2530104,FOC:0761-2650704,,,0.01,ACTUAL BILL,0,22.66,2.07,,LV2.2   ,60,657,5087,13/03/2020,16/03/2020,459,135,47,0,10,0,0,0,0,0,0,0,0,0,,0,0,657,4430,64,5151,NA,Trf Catg : LV2.2   Non Domestic Light and Fan Connections,,1,,N ,,,,Y,,,N,0,,,,,NA,Aug-19,10/09/2019,83,42,Sep-19,01/10/2019,144,61,Oct-19,01/11/2019,265,121,Nov-19,30/11/2019,375,110,Dec-19,31/12/2019,375,0,Jan-20,31/01/2020,490,115,,,,,,,,,,,,,,,,,,,Mr.Aslam Ansari,7612650704,,Mr.Ravindra Kausal,7612560231,,2.47613E+11,6,,10,,,,,000201010211021644038478003617000415522024078003617061661000307800361770822CITI0100000CITIHDF1111111531150100002001752044900530335654075087.005802IN5908MPPKVCLJ6006MUMBAI610640005362270511A24761190130708780036176304114D,0,0,0
1444200,E E CITY DN EAST JBP,144420207,640422000,Feb-20,,BA1,47,640422000,144420207-1 -47-0640422000 BAHORABAG,NON DOMESTIC,,,01/03/2020,MOHD ISLAM,,2909-292,THAKKAR GRAM,,,7354610722,TG-16A,7257589,SINGLE          ,01/03/2020,1000, W,NORMAL,0,,0,1008,981,1,0,27,0,27,City Division East,CCC:07612560231,CCC:0761-2530104,FOC:0761-2650704,,,441,ACTUAL BILL,0,9.41,0.93,1.4442E+12,LV2.2   ,27,273,516,13/03/2020,16/03/2020,167.4,80,15,0,10,0,0,0,0,0,0,0,-2.28,0,,0,0,273,243,10,526,RAJESH BARMAN,Trf Catg : LV2.2   Non Domestic Light and Fan Connections,,1,,N ,,,,Y,,,N,0,,,,,RAJESH BARMAN,Aug-19,01/09/2019,793,45,Sep-19,06/10/2019,846,53,Oct-19,02/11/2019,889,43,Nov-19,01/12/2019,938,49,Dec-19,02/01/2020,958,20,Jan-20,01/02/2020,981,23,,,,,,,,,,,,,,,,,,,Mr.Aslam Ansari,7612650704,,Mr.Ravindra Kausal,7612560231,,64044789259,2.7,,10,,,,,000201010211021644038478003617000415522024078003617061661000307800361770822CITI0100000CITIHDF111111153115010000200175204490053033565406516.005802IN5908MPPKVCLJ6006MUMBAI610640005362270511A064042200007087800361763044E47,0,0,0
1444200,E E CITY DN EAST JBP,144420207,3091006688,Feb-20,,BA1,48,3091006688,144420207-1 -48-3091006688 BAHORABAG,NON DOMESTIC,,,01/03/2020,ISLAM,,H.NO.1744(TG/50-D) BAHORABAG,DR.SEN KI GALI THAKKAR GRAM,,,9329453248,TG/50-D,5814941,SINGLE          ,29/02/2020,690, W,NORMAL,0,,0,50,1,1,0,49,0,49,City Division East,CCC:07612560231,CCC:0761-2530104,FOC:0761-2650704,,,1500,ACTUAL BILL,0,11.91,1.4,,LV2.2   ,49,417,417,13/03/2020,16/03/2020,303.8,80,28,0,10,0,0,0,0,0,0,0,-9.32,0,,0,0,417,0,5,422,NA,Trf Catg : LV2.2   Non Domestic Light and Fan Connections,,1,,N ,,,,Y,,,N,0,,,,,NA,,,0,0,,,0,0,,,0,0,,,0,0,,,0,0,,,0,0,,,,,,,,,,,,,,,,,,,Mr.Aslam Ansari,7612650704,,Mr.Ravindra Kausal,7612560231,,3.0911E+11,4.9,,10,,,,,000201010211021644038478003617000415522024078003617061661000307800361770822CITI0100000CITIHDF111111153115010000200175204490053033565406417.005802IN5908MPPKVCLJ6006MUMBAI610640005362270511A309100668807087800361763041264,0,0,0
1444200,E E CITY DN EAST JBP,144420207,6345633880,Feb-20,,BA1,48,6345633880,144420207-1 -48-6345633880 BAHORABAG,NON DOMESTIC,,,01/03/2020,RIYAJUDEEN,,2171,GHASIYA COLONI KE PICHE,,,,TG/50B,80163,SINGLE          ,29/02/2020,1000, W,NORMAL,0,,0,820,775,1,0,45,0,45,City Division East,CCC:07612560231,CCC:0761-2530104,FOC:0761-2650704,,,441,ACTUAL BILL,0,8.96,1.67,,LV2.2   ,20,242,32030,13/03/2020,16/03/2020,124,80,26,0,10,0,0,0,0,0,0,0,-2.28,0,,0,0,242,31788,400,32430,NA,Trf Catg : LV2.2   Non Domestic Light and Fan Connections,,1,,N ,,,,Y,,,N,0,,,,,NA,Aug-19,01/09/2019,775,0,Sep-19,03/10/2019,775,20,Oct-19,02/11/2019,775,0,Nov-19,02/12/2019,775,0,Dec-19,02/01/2020,775,0,Jan-20,02/02/2020,775,0,,,,,,,,,,,,,,,,,,,Mr.Aslam Ansari,7612650704,,Mr.Ravindra Kausal,7612560231,,6.34561E+11,4.5,,10,,,,,000201010211021644038478003617000415522024078003617061661000307800361770822CITI0100000CITIHDF11111115311501000020017520449005303356540832030.005802IN5908MPPKVCLJ6006MUMBAI610640005362270511A63456338800708780036176304F725,0,0,0
1444200,E E CITY DN EAST JBP,144420207,496022111,Feb-20,,BA1,48,496022111,144420207-1 -48-0496022111 BAHORABAG,NON DOMESTIC,,,01/03/2020,SALIM AHMAD,,"HADDI GODAM,THAKKAR GRAM",.,,,,TG/50 D,2722744,SINGLE          ,29/02/2020,1000, W,NORMAL,0,,0,250,125,1,0,125,0,125,City Division East,CCC:07612560231,CCC:0761-2530104,FOC:0761-2650704,,,817,ACTUAL BILL,0,45.63,4.63,1.4442E+11,LV2.2   ,125,1232,1566,13/03/2020,16/03/2020,956.25,135,122,0,10,0,0,0,0,0,0,0,-4.22,0,,0,0,1232,334,20,1586,NA,Trf Catg : LV2.2   Non Domestic Light and Fan Connections,,1,,N ,,,,Y,,,N,0,,,,,NA,Aug-19,02/09/2019,31,31,Sep-19,04/10/2019,61,30,Oct-19,02/11/2019,82,21,Nov-19,06/12/2019,102,20,Dec-19,04/01/2020,125,23,Jan-20,02/02/2020,125,0,,,,,,,,,,,,,,,,,,,Mr.Aslam Ansari,7612650704,,Mr.Ravindra Kausal,7612560231,,49602697266,12.5,,10,,,,,000201010211021644038478003617000415522024078003617061661000307800361770822CITI0100000CITIHDF1111111531150100002001752044900530335654071566.005802IN5908MPPKVCLJ6006MUMBAI610640005362270511A04960221110708780036176304FCCE,0,0,0
